-- phpMyAdmin SQL Dump
-- version 4.5.0.2
-- http://www.phpmyadmin.net
--
-- Host: localhost
-- Generation Time: Jul 16, 2016 at 03:13 
-- Server version: 10.0.17-MariaDB
-- PHP Version: 5.6.14

SET SQL_MODE = "NO_AUTO_VALUE_ON_ZERO";
SET time_zone = "+00:00";


/*!40101 SET @OLD_CHARACTER_SET_CLIENT=@@CHARACTER_SET_CLIENT */;
/*!40101 SET @OLD_CHARACTER_SET_RESULTS=@@CHARACTER_SET_RESULTS */;
/*!40101 SET @OLD_COLLATION_CONNECTION=@@COLLATION_CONNECTION */;
/*!40101 SET NAMES utf8mb4 */;

--
-- Database: `xyz_db`
--

-- --------------------------------------------------------

--
-- Table structure for table `car_details`
--

CREATE TABLE `car_details` (
  `Registration_Number` varchar(15) NOT NULL,
  `Car_Size` text NOT NULL,
  `Bonus_Hours` float NOT NULL DEFAULT '0',
  `Date_Of_Bonus_Hours` date DEFAULT '1930-01-01'
) ENGINE=MyISAM DEFAULT CHARSET=latin1;

--
-- Dumping data for table `car_details`
--

INSERT INTO `car_details` (`Registration_Number`, `Car_Size`, `Bonus_Hours`, `Date_Of_Bonus_Hours`) VALUES
('UAX 123', 'Small', 0, '2016-04-20'),
('UAX 777', 'Medium', 16.8, '2016-06-07'),
('UAX 789', 'Large', 0, '1930-01-01'),
('UAP 345D', 'Large', 0, '1930-01-01'),
('UAV 453D', 'Large', 0, '1930-01-01'),
('UAJ 567P', 'Small', 0, '1930-01-01'),
('UAY 564L', 'Large', 16.8, '2016-06-07'),
('UAJ 645M', 'Medium', 0, '1930-01-01'),
('UG 456D', 'Small', 16.8, '2016-06-07'),
('KE 562T', 'Medium', 16.8, '2016-06-07'),
('UAR 339Q', 'Medium', 16.8, '2016-06-07'),
('UG 789P', 'Large', 16.8, '2016-06-07'),
('UAD 789D', 'Medium', 16.8, '2016-06-07'),
('UAY 673', 'Small', 16.8, '2016-06-07'),
('UAG 786D', 'Small', 16.8, '2016-06-07'),
('UDP 635K', 'Small', 16.8, '2016-06-07');

-- --------------------------------------------------------

--
-- Table structure for table `car_logs`
--

CREATE TABLE `car_logs` (
  `Registration_Number` varchar(15) NOT NULL,
  `Arrival_Date` date NOT NULL,
  `last_logged_date` date NOT NULL,
  `Arrival_Time` time NOT NULL,
  `logged` int(11) NOT NULL DEFAULT '0',
  `Departure_Date` date DEFAULT '1930-01-01',
  `Departure_Time` time DEFAULT NULL,
  `Space_Occupied` varchar(15) NOT NULL,
  `Total_Hours_Spent` text,
  `Hourly_Charge_Fee` float DEFAULT '2000',
  `Amount` float DEFAULT NULL,
  `Year` year(4) NOT NULL DEFAULT '2016'
) ENGINE=MyISAM DEFAULT CHARSET=latin1;

--
-- Dumping data for table `car_logs`
--

INSERT INTO `car_logs` (`Registration_Number`, `Arrival_Date`, `last_logged_date`, `Arrival_Time`, `logged`, `Departure_Date`, `Departure_Time`, `Space_Occupied`, `Total_Hours_Spent`, `Hourly_Charge_Fee`, `Amount`, `Year`) VALUES
('UAX 123', '2016-04-11', '2016-04-21', '10:09:17', 1, '2016-03-22', '10:30:11', 'cell_1', '120.0', 1800, 457578, 2016),
('UAX 777', '2016-04-14', '2016-04-20', '17:26:46', 1, '2016-03-22', '01:06:42', 'cell_2', '154.56', 1650, 237004, 2016),
('UAP 345D', '2016-04-21', '2016-04-21', '16:37:02', 1, '2016-04-22', '11:15:55', 'cell_14', '18.6478', 8470, 147451, 2016),
('UAX 777', '2016-04-22', '2016-04-22', '01:16:37', 1, '2016-04-22', '13:04:13', 'cell_1', '11.7933', 1230, 12910.2, 2016),
('UAV 453D', '2016-04-22', '2016-04-22', '11:14:28', 0, '2016-04-22', '12:57:16', 'cell_9', '1.71333', 1300, 2227.33, 2016),
('UAJ 567P', '2016-04-22', '2016-04-23', '11:27:32', 1, '2016-04-24', '02:24:34', 'cell_10', '38.95024', 2500, 87327, 2016),
('UAY 564L', '2016-04-22', '2016-06-06', '11:51:10', 1, '1930-01-01', NULL, 'cell_2', NULL, 8900, NULL, 2016),
('UAJ 645M', '2016-04-22', '2016-04-24', '11:52:50', 1, '2016-04-25', '09:56:54', 'cell_7', '70.067535', 1200, 74832.1, 2016),
('UG 456D', '2016-04-22', '2016-06-06', '12:06:26', 1, '1930-01-01', NULL, 'cell_14', NULL, 2500, NULL, 2016),
('KE 562T', '2016-04-22', '2016-06-06', '13:04:57', 1, '1930-01-01', NULL, 'cell_6', NULL, 1200, NULL, 2016),
('UAX 777', '2016-04-23', '2016-04-23', '11:46:04', 1, '2016-04-24', '00:46:53', 'cell_8', '13.013289', 1200, 13063.7, 2016),
('UAR 339Q', '2016-04-23', '2016-06-06', '19:45:06', 1, '1930-01-01', NULL, 'cell_22', NULL, 1500, NULL, 2016),
('UG 789P', '2016-04-23', '2016-06-06', '23:42:33', 1, '1930-01-01', NULL, 'cell_18', NULL, 2300, NULL, 2016),
('UAD 789D', '2016-04-23', '2016-06-06', '23:47:13', 1, '1930-01-01', NULL, 'cell_21', NULL, 1800, NULL, 2016),
('UAX 777', '2016-04-24', '2016-04-24', '00:50:10', 1, '2016-04-24', '02:24:44', 'cell_26', '2.3574991', 1900, 0, 2016),
('UAX 777', '2016-04-24', '2016-06-06', '02:25:16', 1, '1930-01-01', NULL, 'cell_16', NULL, 1800, NULL, 2016),
('UAG 786D', '2016-04-24', '2016-06-06', '02:26:18', 1, '1930-01-01', NULL, 'cell_10', NULL, 1700, NULL, 2016),
('UDP 635K', '2016-04-24', '2016-06-06', '02:33:01', 1, '1930-01-01', NULL, 'cell_26', NULL, 2000, NULL, 2016),
('UAJ 645M', '2016-04-25', '2016-04-25', '09:58:24', 1, '2016-04-25', '15:40:42', 'cell_11', '15.65333', 1200, 17470.8, 2016),
('UAY 673', '2016-04-25', '2016-06-06', '10:00:36', 1, '1930-01-01', NULL, 'cell_24', NULL, 1600, NULL, 2016),
('UAX 123', '2016-04-26', '2016-06-06', '09:39:45', 1, '1930-01-01', NULL, 'cell_37', NULL, 4500, NULL, 2016);

-- --------------------------------------------------------

--
-- Table structure for table `daily_logs`
--

CREATE TABLE `daily_logs` (
  `Registration_Number` varchar(15) NOT NULL,
  `Log_Day` date NOT NULL,
  `Hours_Spent_Today` text,
  `Total_Hours_Spent_Today` float NOT NULL DEFAULT '0',
  `Charge_Fee` float NOT NULL,
  `Space_Occupied` varchar(15) NOT NULL,
  `Year` int(11) NOT NULL DEFAULT '2016'
) ENGINE=MyISAM DEFAULT CHARSET=latin1;

--
-- Dumping data for table `daily_logs`
--

INSERT INTO `daily_logs` (`Registration_Number`, `Log_Day`, `Hours_Spent_Today`, `Total_Hours_Spent_Today`, `Charge_Fee`, `Space_Occupied`, `Year`) VALUES
('UAX 123', '2016-04-11', '0.0', 24, 0, 'cell_1', 2016),
('UAX 123', '2016-04-12', '22.060501', 24, 43194.5, 'cell_1', 2016),
('UAX 123', '2016-04-13', '24.0', 24, 46992, 'cell_1', 2016),
('UAX 123', '2016-04-14', '24.0', 24, 46992, 'cell_1', 2016),
('UAX 123', '2016-04-15', '24.0', 0, 46992, 'cell_1', 2016),
('UAX 123', '2016-04-16', '24.0', 0, 46992, 'cell_1', 2016),
('UAX 123', '2016-04-17', '24.0', 0, 46992, 'cell_1', 2016),
('UAX 123', '2016-04-18', '24.0', 0, 46992, 'cell_1', 2016),
('UAX 123', '2016-04-19', '24.0', 0, 46992, 'cell_1', 2016),
('UAX 777', '2016-04-14', '0.0', 10.56, 0, 'cell_2', 2016),
('UAX 777', '2016-04-15', '18.553612', 24, 36328, 'cell_2', 2016),
('UAX 777', '2016-04-16', '0.0', 24, 0, 'cell_2', 2016),
('UAX 777', '2016-04-17', '24.0', 24, 93984, 'cell_2', 2016),
('UAX 777', '2016-04-19', '24.0', 24, 46992, 'cell_2', 2016),
('UAX 777', '2016-04-18', '12.5446', 24, 24562.3, 'cell_2', 2016),
('UAX 123', '2016-04-20', '24.0', 0, 46992, 'cell_1', 2016),
('UAX 777', '2016-04-20', '17.94554', 24, 35137.4, 'cell_2', 2016),
('UAX 123', '0000-00-00', '23.713333', 23.7133, 37988.8, 'cell_1', 2016),
('UAP 345D', '2016-04-21', '7.3825', 7.3825, 62529.8, 'cell_14', 2016),
('UAX 777', '2016-03-22', '1.1116667', 1.11167, 1834.25, 'cell_2', 2016),
('UAX 123', '2016-04-21', '24.0', 24, 38448, 'cell_1', 2016),
('UAX 123', '2016-03-22', '10.503056', 10.5031, 16825.9, 'cell_1', 2016),
('UAP 345D', '2016-04-22', '11.265278', 11.2653, 84921, 'cell_14', 2016),
('UAV 453D', '2016-04-22', '1.7133334', 1.71333, 2227.33, 'cell_9', 2016),
('UAX 777', '2016-04-22', '11.793333', 11.7933, 12910.2, 'cell_1', 2016),
('KE 562T', '2016-04-22', '10.917222', 10.9172, 11659.6, 'cell_6', 2016),
('UAJ 567P', '2016-04-22', '12.540833', 12.5408, 27903.4, 'cell_10', 2016),
('UAJ 645M', '2016-04-22', '12.119166', 12.1192, 12943.3, 'cell_7', 2016),
('UAY 564L', '2016-04-22', '12.146944', 12.1469, 96215.9, 'cell_2', 2016),
('UG 456D', '2016-04-22', '11.8925', 11.8925, 26460.8, 'cell_14', 2016),
('KE 562T', '2016-04-23', '24.0', 24, 25632, 'cell_6', 2016),
('UAD 789D', '2016-04-23', '0.21277778', 0.212778, 383, 'cell_21', 2016),
('UAJ 567P', '2016-04-23', '24.0', 24, 53400, 'cell_10', 2016),
('UAJ 645M', '2016-04-23', '24.0', 24, 25632, 'cell_7', 2016),
('UAR 339Q', '2016-04-23', '4.2480555', 4.24806, 6372.08, 'cell_22', 2016),
('UAX 777', '2016-04-23', '12.231944', 12.2319, 13063.7, 'cell_8', 2016),
('UAY 564L', '2016-04-23', '24.0', 24, 190104, 'cell_2', 2016),
('UG 456D', '2016-04-23', '24.0', 24, 53400, 'cell_14', 2016),
('UG 789P', '2016-04-23', '0.29055557', 0.290556, 668.278, 'cell_18', 2016),
('UAX 777', '2016-04-24', '0.0', 0.781389, 0, 'cell_8', 2016),
('UAJ 567P', '2016-04-24', '2.4094443', 2.40944, 6023.61, 'cell_10', 2016),
('UAX 777', '2016-04-24', '0.0', 1.57611, 0, 'cell_26', 2016),
('KE 562T', '2016-04-24', '24.0', 24, 25632, 'cell_6', 2016),
('UAD 789D', '2016-04-24', '24.0', 24, 38448, 'cell_21', 2016),
('UAG 786D', '2016-04-24', '21.561388', 21.5614, 32622.4, 'cell_10', 2016),
('UAJ 645M', '2016-04-24', '24.0', 24, 25632, 'cell_7', 2016),
('UAR 339Q', '2016-04-24', '24.0', 24, 32040, 'cell_22', 2016),
('UAX 777', '2016-04-24', '13.684611', 21.5786, 21922.7, 'cell_16', 2016),
('UAY 564L', '2016-04-24', '24.0', 24, 190104, 'cell_2', 2016),
('UDP 635K', '2016-04-24', '21.449444', 21.4494, 38180, 'cell_26', 2016),
('UG 456D', '2016-04-24', '24.0', 24, 53400, 'cell_14', 2016),
('UG 789P', '2016-04-24', '24.0', 24, 49128, 'cell_18', 2016),
('UAJ 645M', '2016-04-25', '9.948334', 9.94833, 10624.8, 'cell_7', 2016),
('UAJ 645M', '2016-04-25', '5.705', 5.705, 6846, 'cell_11', 2016),
('KE 562T', '2016-04-25', '24.0', 24, 25632, 'cell_6', 2016),
('UAD 789D', '2016-04-25', '24.0', 24, 38448, 'cell_21', 2016),
('UAG 786D', '2016-04-25', '24.0', 24, 36312, 'cell_10', 2016),
('UAR 339Q', '2016-04-25', '24.0', 24, 32040, 'cell_22', 2016),
('UAX 777', '2016-04-25', '24.0', 24, 38448, 'cell_16', 2016),
('UAY 564L', '2016-04-25', '24.0', 24, 190104, 'cell_2', 2016),
('UAY 673', '2016-04-25', '13.989722', 13.9897, 19921.4, 'cell_24', 2016),
('UDP 635K', '2016-04-25', '24.0', 24, 42720, 'cell_26', 2016),
('UG 456D', '2016-04-25', '24.0', 24, 53400, 'cell_14', 2016),
('UG 789P', '2016-04-25', '24.0', 24, 49128, 'cell_18', 2016),
('KE 562T', '2016-04-26', '24.0', 24, 25632, 'cell_6', 2016),
('KE 562T', '2016-04-27', '24.0', 24, 25632, 'cell_6', 2016),
('UAD 789D', '2016-04-26', '24.0', 24, 38448, 'cell_21', 2016),
('UAD 789D', '2016-04-27', '24.0', 24, 38448, 'cell_21', 2016),
('UAG 786D', '2016-04-26', '24.0', 24, 36312, 'cell_10', 2016),
('UAG 786D', '2016-04-27', '24.0', 24, 36312, 'cell_10', 2016),
('UAR 339Q', '2016-04-26', '24.0', 24, 32040, 'cell_22', 2016),
('UAR 339Q', '2016-04-27', '24.0', 24, 32040, 'cell_22', 2016),
('UAX 123', '2016-04-26', '14.337222', 14.3372, 57420.6, 'cell_37', 2016),
('UAX 123', '2016-04-27', '24.0', 24, 96120, 'cell_37', 2016),
('UAX 777', '2016-04-26', '24.0', 24, 38448, 'cell_16', 2016),
('UAX 777', '2016-04-27', '24.0', 24, 38448, 'cell_16', 2016),
('UAY 564L', '2016-04-26', '24.0', 24, 190104, 'cell_2', 2016),
('UAY 564L', '2016-04-27', '24.0', 24, 190104, 'cell_2', 2016),
('UAY 673', '2016-04-26', '24.0', 24, 34176, 'cell_24', 2016),
('UAY 673', '2016-04-27', '24.0', 24, 34176, 'cell_24', 2016),
('UDP 635K', '2016-04-26', '24.0', 24, 42720, 'cell_26', 2016),
('UDP 635K', '2016-04-27', '24.0', 24, 42720, 'cell_26', 2016),
('UG 456D', '2016-04-26', '24.0', 24, 53400, 'cell_14', 2016),
('UG 456D', '2016-04-27', '24.0', 24, 53400, 'cell_14', 2016),
('UG 789P', '2016-04-26', '24.0', 24, 49128, 'cell_18', 2016),
('UG 789P', '2016-04-27', '24.0', 24, 49128, 'cell_18', 2016),
('KE 562T', '2016-04-28', '24.0', 24, 25632, 'cell_6', 2016),
('KE 562T', '2016-04-29', '24.0', 24, 25632, 'cell_6', 2016),
('KE 562T', '2016-04-30', '24.0', 24, 25632, 'cell_6', 2016),
('KE 562T', '2016-05-01', '24.0', 24, 25632, 'cell_6', 2016),
('KE 562T', '2016-05-02', '24.0', 24, 25632, 'cell_6', 2016),
('UAD 789D', '2016-04-28', '24.0', 24, 38448, 'cell_21', 2016),
('UAD 789D', '2016-04-29', '24.0', 24, 38448, 'cell_21', 2016),
('UAD 789D', '2016-04-30', '24.0', 24, 38448, 'cell_21', 2016),
('UAD 789D', '2016-05-01', '24.0', 24, 38448, 'cell_21', 2016),
('UAD 789D', '2016-05-02', '24.0', 24, 38448, 'cell_21', 2016),
('UAG 786D', '2016-04-28', '24.0', 24, 36312, 'cell_10', 2016),
('UAG 786D', '2016-04-29', '24.0', 24, 36312, 'cell_10', 2016),
('UAG 786D', '2016-04-30', '24.0', 24, 36312, 'cell_10', 2016),
('UAG 786D', '2016-05-01', '24.0', 24, 36312, 'cell_10', 2016),
('UAG 786D', '2016-05-02', '24.0', 24, 36312, 'cell_10', 2016),
('UAR 339Q', '2016-04-28', '24.0', 24, 32040, 'cell_22', 2016),
('UAR 339Q', '2016-04-29', '24.0', 24, 32040, 'cell_22', 2016),
('UAR 339Q', '2016-04-30', '24.0', 24, 32040, 'cell_22', 2016),
('UAR 339Q', '2016-05-01', '24.0', 24, 32040, 'cell_22', 2016),
('UAR 339Q', '2016-05-02', '24.0', 24, 32040, 'cell_22', 2016),
('UAX 123', '2016-04-28', '24.0', 24, 96120, 'cell_37', 2016),
('UAX 123', '2016-04-29', '24.0', 24, 96120, 'cell_37', 2016),
('UAX 123', '2016-04-30', '24.0', 24, 96120, 'cell_37', 2016),
('UAX 123', '2016-05-01', '24.0', 24, 96120, 'cell_37', 2016),
('UAX 123', '2016-05-02', '24.0', 24, 96120, 'cell_37', 2016),
('UAX 777', '2016-04-28', '24.0', 24, 38448, 'cell_16', 2016),
('UAX 777', '2016-04-29', '24.0', 24, 38448, 'cell_16', 2016),
('UAX 777', '2016-04-30', '24.0', 24, 38448, 'cell_16', 2016),
('UAX 777', '2016-05-01', '24.0', 24, 38448, 'cell_16', 2016),
('UAX 777', '2016-05-02', '24.0', 24, 38448, 'cell_16', 2016),
('UAY 564L', '2016-04-28', '24.0', 24, 190104, 'cell_2', 2016),
('UAY 564L', '2016-04-29', '24.0', 24, 190104, 'cell_2', 2016),
('UAY 564L', '2016-04-30', '24.0', 24, 190104, 'cell_2', 2016),
('UAY 564L', '2016-05-01', '24.0', 24, 190104, 'cell_2', 2016),
('UAY 564L', '2016-05-02', '24.0', 24, 190104, 'cell_2', 2016),
('UAY 673', '2016-04-28', '24.0', 24, 34176, 'cell_24', 2016),
('UAY 673', '2016-04-29', '24.0', 24, 34176, 'cell_24', 2016),
('UAY 673', '2016-04-30', '24.0', 24, 34176, 'cell_24', 2016),
('UAY 673', '2016-05-01', '24.0', 24, 34176, 'cell_24', 2016),
('UAY 673', '2016-05-02', '24.0', 24, 34176, 'cell_24', 2016),
('UDP 635K', '2016-04-28', '24.0', 24, 42720, 'cell_26', 2016),
('UDP 635K', '2016-04-29', '24.0', 24, 42720, 'cell_26', 2016),
('UDP 635K', '2016-04-30', '24.0', 24, 42720, 'cell_26', 2016),
('UDP 635K', '2016-05-01', '24.0', 24, 42720, 'cell_26', 2016),
('UDP 635K', '2016-05-02', '24.0', 24, 42720, 'cell_26', 2016),
('UG 456D', '2016-04-28', '24.0', 24, 53400, 'cell_14', 2016),
('UG 456D', '2016-04-29', '24.0', 24, 53400, 'cell_14', 2016),
('UG 456D', '2016-04-30', '24.0', 24, 53400, 'cell_14', 2016),
('UG 456D', '2016-05-01', '24.0', 24, 53400, 'cell_14', 2016),
('UG 456D', '2016-05-02', '24.0', 24, 53400, 'cell_14', 2016),
('UG 789P', '2016-04-28', '24.0', 24, 49128, 'cell_18', 2016),
('UG 789P', '2016-04-29', '24.0', 24, 49128, 'cell_18', 2016),
('UG 789P', '2016-04-30', '24.0', 24, 49128, 'cell_18', 2016),
('UG 789P', '2016-05-01', '24.0', 24, 49128, 'cell_18', 2016),
('UG 789P', '2016-05-02', '24.0', 24, 49128, 'cell_18', 2016),
('KE 562T', '2016-05-03', '8.5083', 24, 10210, 'cell_6', 2016),
('KE 562T', '2016-05-04', '24.0', 24, 25632, 'cell_6', 2016),
('KE 562T', '2016-05-05', '24.0', 24, 25632, 'cell_6', 2016),
('UAD 789D', '2016-05-03', '9.5787', 24, 15345.1, 'cell_21', 2016),
('UAD 789D', '2016-05-04', '24.0', 24, 38448, 'cell_21', 2016),
('UAD 789D', '2016-05-05', '24.0', 24, 38448, 'cell_21', 2016),
('UAG 786D', '2016-05-03', '7.443899', 24, 12654.6, 'cell_10', 2016),
('UAG 786D', '2016-05-04', '24.0', 24, 36312, 'cell_10', 2016),
('UAG 786D', '2016-05-05', '24.0', 24, 36312, 'cell_10', 2016),
('UAR 339Q', '2016-05-03', '9.1752', 24, 12248.9, 'cell_22', 2016),
('UAR 339Q', '2016-05-04', '24.0', 24, 32040, 'cell_22', 2016),
('UAR 339Q', '2016-05-05', '24.0', 24, 32040, 'cell_22', 2016),
('UAX 123', '2016-05-03', '24.0', 24, 96120, 'cell_37', 2016),
('UAX 123', '2016-05-04', '24.0', 24, 96120, 'cell_37', 2016),
('UAX 123', '2016-05-05', '24.0', 24, 96120, 'cell_37', 2016),
('UAX 777', '2016-05-03', '7.200001', 24, 12960, 'cell_16', 2016),
('UAX 777', '2016-05-04', '24.0', 24, 38448, 'cell_16', 2016),
('UAX 777', '2016-05-05', '24.0', 24, 38448, 'cell_16', 2016),
('UAY 564L', '2016-05-03', '8.3853', 24, 74629.2, 'cell_2', 2016),
('UAY 564L', '2016-05-04', '24.0', 24, 190104, 'cell_2', 2016),
('UAY 564L', '2016-05-05', '24.0', 24, 190104, 'cell_2', 2016),
('UAY 673', '2016-05-03', '8.201', 24, 13121.6, 'cell_24', 2016),
('UAY 673', '2016-05-04', '24.0', 24, 34176, 'cell_24', 2016),
('UAY 673', '2016-05-05', '24.0', 24, 34176, 'cell_24', 2016),
('UDP 635K', '2016-05-03', '7.455099', 24, 14910.2, 'cell_26', 2016),
('UDP 635K', '2016-05-04', '24.0', 24, 42720, 'cell_26', 2016),
('UDP 635K', '2016-05-05', '24.0', 24, 42720, 'cell_26', 2016),
('UG 456D', '2016-05-03', '8.4107', 24, 21026.8, 'cell_14', 2016),
('UG 456D', '2016-05-04', '24.0', 24, 53400, 'cell_14', 2016),
('UG 456D', '2016-05-05', '24.0', 24, 53400, 'cell_14', 2016),
('UG 789P', '2016-05-03', '9.5709', 24, 19591.6, 'cell_18', 2016),
('UG 789P', '2016-05-04', '24.0', 24, 49128, 'cell_18', 2016),
('UG 789P', '2016-05-05', '24.0', 24, 49128, 'cell_18', 2016),
('KE 562T', '2016-05-06', '24.0', 24, 25632, 'cell_6', 2016),
('KE 562T', '2016-05-07', '24.0', 24, 25632, 'cell_6', 2016),
('KE 562T', '2016-05-08', '24.0', 24, 25632, 'cell_6', 2016),
('KE 562T', '2016-05-09', '24.0', 24, 25632, 'cell_6', 2016),
('KE 562T', '2016-05-10', '24.0', 24, 25632, 'cell_6', 2016),
('UAD 789D', '2016-05-06', '24.0', 24, 38448, 'cell_21', 2016),
('UAD 789D', '2016-05-07', '24.0', 24, 38448, 'cell_21', 2016),
('UAD 789D', '2016-05-08', '24.0', 24, 38448, 'cell_21', 2016),
('UAD 789D', '2016-05-09', '24.0', 24, 38448, 'cell_21', 2016),
('UAD 789D', '2016-05-10', '24.0', 24, 38448, 'cell_21', 2016),
('UAG 786D', '2016-05-06', '24.0', 24, 36312, 'cell_10', 2016),
('UAG 786D', '2016-05-07', '24.0', 24, 36312, 'cell_10', 2016),
('UAG 786D', '2016-05-08', '24.0', 24, 36312, 'cell_10', 2016),
('UAG 786D', '2016-05-09', '24.0', 24, 36312, 'cell_10', 2016),
('UAG 786D', '2016-05-10', '24.0', 24, 36312, 'cell_10', 2016),
('UAR 339Q', '2016-05-06', '24.0', 24, 32040, 'cell_22', 2016),
('UAR 339Q', '2016-05-07', '24.0', 24, 32040, 'cell_22', 2016),
('UAR 339Q', '2016-05-08', '24.0', 24, 32040, 'cell_22', 2016),
('UAR 339Q', '2016-05-09', '24.0', 24, 32040, 'cell_22', 2016),
('UAR 339Q', '2016-05-10', '24.0', 24, 32040, 'cell_22', 2016),
('UAX 123', '2016-05-06', '24.0', 24, 96120, 'cell_37', 2016),
('UAX 123', '2016-05-07', '24.0', 24, 96120, 'cell_37', 2016),
('UAX 123', '2016-05-08', '24.0', 24, 96120, 'cell_37', 2016),
('UAX 123', '2016-05-09', '24.0', 24, 96120, 'cell_37', 2016),
('UAX 123', '2016-05-10', '24.0', 24, 96120, 'cell_37', 2016),
('UAX 777', '2016-05-06', '24.0', 24, 38448, 'cell_16', 2016),
('UAX 777', '2016-05-07', '24.0', 24, 38448, 'cell_16', 2016),
('UAX 777', '2016-05-08', '24.0', 24, 38448, 'cell_16', 2016),
('UAX 777', '2016-05-09', '24.0', 24, 38448, 'cell_16', 2016),
('UAX 777', '2016-05-10', '24.0', 24, 38448, 'cell_16', 2016),
('UAY 564L', '2016-05-06', '24.0', 24, 190104, 'cell_2', 2016),
('UAY 564L', '2016-05-07', '24.0', 24, 190104, 'cell_2', 2016),
('UAY 564L', '2016-05-08', '24.0', 24, 190104, 'cell_2', 2016),
('UAY 564L', '2016-05-09', '24.0', 24, 190104, 'cell_2', 2016),
('UAY 564L', '2016-05-10', '24.0', 24, 190104, 'cell_2', 2016),
('UAY 673', '2016-05-06', '24.0', 24, 34176, 'cell_24', 2016),
('UAY 673', '2016-05-07', '24.0', 24, 34176, 'cell_24', 2016),
('UAY 673', '2016-05-08', '24.0', 24, 34176, 'cell_24', 2016),
('UAY 673', '2016-05-09', '24.0', 24, 34176, 'cell_24', 2016),
('UAY 673', '2016-05-10', '24.0', 24, 34176, 'cell_24', 2016),
('UDP 635K', '2016-05-06', '24.0', 24, 42720, 'cell_26', 2016),
('UDP 635K', '2016-05-07', '24.0', 24, 42720, 'cell_26', 2016),
('UDP 635K', '2016-05-08', '24.0', 24, 42720, 'cell_26', 2016),
('UDP 635K', '2016-05-09', '24.0', 24, 42720, 'cell_26', 2016),
('UDP 635K', '2016-05-10', '24.0', 24, 42720, 'cell_26', 2016),
('UG 456D', '2016-05-06', '24.0', 24, 53400, 'cell_14', 2016),
('UG 456D', '2016-05-07', '24.0', 24, 53400, 'cell_14', 2016),
('UG 456D', '2016-05-08', '24.0', 24, 53400, 'cell_14', 2016),
('UG 456D', '2016-05-09', '24.0', 24, 53400, 'cell_14', 2016),
('UG 456D', '2016-05-10', '24.0', 24, 53400, 'cell_14', 2016),
('UG 789P', '2016-05-06', '24.0', 24, 49128, 'cell_18', 2016),
('UG 789P', '2016-05-07', '24.0', 24, 49128, 'cell_18', 2016),
('UG 789P', '2016-05-08', '24.0', 24, 49128, 'cell_18', 2016),
('UG 789P', '2016-05-09', '24.0', 24, 49128, 'cell_18', 2016),
('UG 789P', '2016-05-10', '24.0', 24, 49128, 'cell_18', 2016),
('KE 562T', '2016-05-11', '7.200001', 24, 8640, 'cell_6', 2016),
('UAD 789D', '2016-05-11', '7.200001', 24, 12960, 'cell_21', 2016),
('UAG 786D', '2016-05-11', '7.200001', 24, 12240, 'cell_10', 2016),
('UAR 339Q', '2016-05-11', '7.200001', 24, 10800, 'cell_22', 2016),
('UAX 123', '2016-05-11', '24.0', 24, 96120, 'cell_37', 2016),
('UAX 777', '2016-05-11', '7.200001', 24, 12960, 'cell_16', 2016),
('UAY 564L', '2016-05-11', '7.200001', 24, 64080, 'cell_2', 2016),
('UAY 673', '2016-05-11', '7.200001', 24, 11520, 'cell_24', 2016),
('UDP 635K', '2016-05-11', '7.200001', 24, 14400, 'cell_26', 2016),
('UG 456D', '2016-05-11', '7.200001', 24, 18000, 'cell_14', 2016),
('UG 789P', '2016-05-11', '7.200001', 24, 16560, 'cell_18', 2016),
('KE 562T', '2016-05-12', '24.0', 24, 25632, 'cell_6', 2016),
('KE 562T', '2016-05-13', '24.0', 24, 25632, 'cell_6', 2016),
('KE 562T', '2016-05-14', '24.0', 24, 25632, 'cell_6', 2016),
('UAD 789D', '2016-05-12', '24.0', 24, 38448, 'cell_21', 2016),
('UAD 789D', '2016-05-13', '24.0', 24, 38448, 'cell_21', 2016),
('UAD 789D', '2016-05-14', '24.0', 24, 38448, 'cell_21', 2016),
('UAG 786D', '2016-05-12', '24.0', 24, 36312, 'cell_10', 2016),
('UAG 786D', '2016-05-13', '24.0', 24, 36312, 'cell_10', 2016),
('UAG 786D', '2016-05-14', '24.0', 24, 36312, 'cell_10', 2016),
('UAR 339Q', '2016-05-12', '24.0', 24, 32040, 'cell_22', 2016),
('UAR 339Q', '2016-05-13', '24.0', 24, 32040, 'cell_22', 2016),
('UAR 339Q', '2016-05-14', '24.0', 24, 32040, 'cell_22', 2016),
('UAX 123', '2016-05-12', '24.0', 24, 96120, 'cell_37', 2016),
('UAX 123', '2016-05-13', '24.0', 24, 96120, 'cell_37', 2016),
('UAX 123', '2016-05-14', '24.0', 24, 96120, 'cell_37', 2016),
('UAX 777', '2016-05-12', '24.0', 24, 38448, 'cell_16', 2016),
('UAX 777', '2016-05-13', '24.0', 24, 38448, 'cell_16', 2016),
('UAX 777', '2016-05-14', '24.0', 24, 38448, 'cell_16', 2016),
('UAY 564L', '2016-05-12', '24.0', 24, 190104, 'cell_2', 2016),
('UAY 564L', '2016-05-13', '24.0', 24, 190104, 'cell_2', 2016),
('UAY 564L', '2016-05-14', '24.0', 24, 190104, 'cell_2', 2016),
('UAY 673', '2016-05-12', '24.0', 24, 34176, 'cell_24', 2016),
('UAY 673', '2016-05-13', '24.0', 24, 34176, 'cell_24', 2016),
('UAY 673', '2016-05-14', '24.0', 24, 34176, 'cell_24', 2016),
('UDP 635K', '2016-05-12', '24.0', 24, 42720, 'cell_26', 2016),
('UDP 635K', '2016-05-13', '24.0', 24, 42720, 'cell_26', 2016),
('UDP 635K', '2016-05-14', '24.0', 24, 42720, 'cell_26', 2016),
('UG 456D', '2016-05-12', '24.0', 24, 53400, 'cell_14', 2016),
('UG 456D', '2016-05-13', '24.0', 24, 53400, 'cell_14', 2016),
('UG 456D', '2016-05-14', '24.0', 24, 53400, 'cell_14', 2016),
('UG 789P', '2016-05-12', '24.0', 24, 49128, 'cell_18', 2016),
('UG 789P', '2016-05-13', '24.0', 24, 49128, 'cell_18', 2016),
('UG 789P', '2016-05-14', '24.0', 24, 49128, 'cell_18', 2016),
('KE 562T', '2016-05-15', '24.0', 24, 25632, 'cell_6', 2016),
('KE 562T', '2016-05-16', '24.0', 24, 25632, 'cell_6', 2016),
('KE 562T', '2016-05-17', '24.0', 24, 25632, 'cell_6', 2016),
('KE 562T', '2016-05-18', '24.0', 24, 25632, 'cell_6', 2016),
('KE 562T', '2016-05-19', '24.0', 24, 25632, 'cell_6', 2016),
('KE 562T', '2016-05-20', '24.0', 24, 25632, 'cell_6', 2016),
('KE 562T', '2016-05-21', '24.0', 24, 25632, 'cell_6', 2016),
('KE 562T', '2016-05-22', '24.0', 24, 25632, 'cell_6', 2016),
('KE 562T', '2016-05-23', '24.0', 24, 25632, 'cell_6', 2016),
('KE 562T', '2016-05-24', '24.0', 24, 25632, 'cell_6', 2016),
('KE 562T', '2016-05-25', '24.0', 24, 25632, 'cell_6', 2016),
('KE 562T', '2016-05-26', '24.0', 24, 25632, 'cell_6', 2016),
('KE 562T', '2016-05-27', '24.0', 24, 25632, 'cell_6', 2016),
('KE 562T', '2016-05-28', '24.0', 24, 25632, 'cell_6', 2016),
('KE 562T', '2016-05-29', '24.0', 24, 25632, 'cell_6', 2016),
('KE 562T', '2016-05-30', '24.0', 24, 25632, 'cell_6', 2016),
('KE 562T', '2016-05-31', '24.0', 24, 25632, 'cell_6', 2016),
('KE 562T', '2016-06-01', '24.0', 24, 25632, 'cell_6', 2016),
('KE 562T', '2016-06-02', '24.0', 24, 25632, 'cell_6', 2016),
('KE 562T', '2016-06-03', '24.0', 24, 25632, 'cell_6', 2016),
('KE 562T', '2016-06-04', '24.0', 24, 25632, 'cell_6', 2016),
('KE 562T', '2016-06-05', '24.0', 24, 25632, 'cell_6', 2016),
('KE 562T', '2016-06-06', '24.0', 24, 25632, 'cell_6', 2016),
('UAD 789D', '2016-05-15', '24.0', 24, 38448, 'cell_21', 2016),
('UAD 789D', '2016-05-16', '24.0', 24, 38448, 'cell_21', 2016),
('UAD 789D', '2016-05-17', '24.0', 24, 38448, 'cell_21', 2016),
('UAD 789D', '2016-05-18', '24.0', 24, 38448, 'cell_21', 2016),
('UAD 789D', '2016-05-19', '24.0', 24, 38448, 'cell_21', 2016),
('UAD 789D', '2016-05-20', '24.0', 24, 38448, 'cell_21', 2016),
('UAD 789D', '2016-05-21', '24.0', 24, 38448, 'cell_21', 2016),
('UAD 789D', '2016-05-22', '24.0', 24, 38448, 'cell_21', 2016),
('UAD 789D', '2016-05-23', '24.0', 24, 38448, 'cell_21', 2016),
('UAD 789D', '2016-05-24', '24.0', 24, 38448, 'cell_21', 2016),
('UAD 789D', '2016-05-25', '24.0', 24, 38448, 'cell_21', 2016),
('UAD 789D', '2016-05-26', '24.0', 24, 38448, 'cell_21', 2016),
('UAD 789D', '2016-05-27', '24.0', 24, 38448, 'cell_21', 2016),
('UAD 789D', '2016-05-28', '24.0', 24, 38448, 'cell_21', 2016),
('UAD 789D', '2016-05-29', '24.0', 24, 38448, 'cell_21', 2016),
('UAD 789D', '2016-05-30', '24.0', 24, 38448, 'cell_21', 2016),
('UAD 789D', '2016-05-31', '24.0', 24, 38448, 'cell_21', 2016),
('UAD 789D', '2016-06-01', '24.0', 24, 38448, 'cell_21', 2016),
('UAD 789D', '2016-06-02', '24.0', 24, 38448, 'cell_21', 2016),
('UAD 789D', '2016-06-03', '24.0', 24, 38448, 'cell_21', 2016),
('UAD 789D', '2016-06-04', '24.0', 24, 38448, 'cell_21', 2016),
('UAD 789D', '2016-06-05', '24.0', 24, 38448, 'cell_21', 2016),
('UAD 789D', '2016-06-06', '24.0', 24, 38448, 'cell_21', 2016),
('UAG 786D', '2016-05-15', '24.0', 24, 36312, 'cell_10', 2016),
('UAG 786D', '2016-05-16', '24.0', 24, 36312, 'cell_10', 2016),
('UAG 786D', '2016-05-17', '24.0', 24, 36312, 'cell_10', 2016),
('UAG 786D', '2016-05-18', '24.0', 24, 36312, 'cell_10', 2016),
('UAG 786D', '2016-05-19', '24.0', 24, 36312, 'cell_10', 2016),
('UAG 786D', '2016-05-20', '24.0', 24, 36312, 'cell_10', 2016),
('UAG 786D', '2016-05-21', '24.0', 24, 36312, 'cell_10', 2016),
('UAG 786D', '2016-05-22', '24.0', 24, 36312, 'cell_10', 2016),
('UAG 786D', '2016-05-23', '24.0', 24, 36312, 'cell_10', 2016),
('UAG 786D', '2016-05-24', '24.0', 24, 36312, 'cell_10', 2016),
('UAG 786D', '2016-05-25', '24.0', 24, 36312, 'cell_10', 2016),
('UAG 786D', '2016-05-26', '24.0', 24, 36312, 'cell_10', 2016),
('UAG 786D', '2016-05-27', '24.0', 24, 36312, 'cell_10', 2016),
('UAG 786D', '2016-05-28', '24.0', 24, 36312, 'cell_10', 2016),
('UAG 786D', '2016-05-29', '24.0', 24, 36312, 'cell_10', 2016),
('UAG 786D', '2016-05-30', '24.0', 24, 36312, 'cell_10', 2016),
('UAG 786D', '2016-05-31', '24.0', 24, 36312, 'cell_10', 2016),
('UAG 786D', '2016-06-01', '24.0', 24, 36312, 'cell_10', 2016),
('UAG 786D', '2016-06-02', '24.0', 24, 36312, 'cell_10', 2016),
('UAG 786D', '2016-06-03', '24.0', 24, 36312, 'cell_10', 2016),
('UAG 786D', '2016-06-04', '24.0', 24, 36312, 'cell_10', 2016),
('UAG 786D', '2016-06-05', '24.0', 24, 36312, 'cell_10', 2016),
('UAG 786D', '2016-06-06', '24.0', 24, 36312, 'cell_10', 2016),
('UAR 339Q', '2016-05-15', '24.0', 24, 32040, 'cell_22', 2016),
('UAR 339Q', '2016-05-16', '24.0', 24, 32040, 'cell_22', 2016),
('UAR 339Q', '2016-05-17', '24.0', 24, 32040, 'cell_22', 2016),
('UAR 339Q', '2016-05-18', '24.0', 24, 32040, 'cell_22', 2016),
('UAR 339Q', '2016-05-19', '24.0', 24, 32040, 'cell_22', 2016),
('UAR 339Q', '2016-05-20', '24.0', 24, 32040, 'cell_22', 2016),
('UAR 339Q', '2016-05-21', '24.0', 24, 32040, 'cell_22', 2016),
('UAR 339Q', '2016-05-22', '24.0', 24, 32040, 'cell_22', 2016),
('UAR 339Q', '2016-05-23', '24.0', 24, 32040, 'cell_22', 2016),
('UAR 339Q', '2016-05-24', '24.0', 24, 32040, 'cell_22', 2016),
('UAR 339Q', '2016-05-25', '24.0', 24, 32040, 'cell_22', 2016),
('UAR 339Q', '2016-05-26', '24.0', 24, 32040, 'cell_22', 2016),
('UAR 339Q', '2016-05-27', '24.0', 24, 32040, 'cell_22', 2016),
('UAR 339Q', '2016-05-28', '24.0', 24, 32040, 'cell_22', 2016),
('UAR 339Q', '2016-05-29', '24.0', 24, 32040, 'cell_22', 2016),
('UAR 339Q', '2016-05-30', '24.0', 24, 32040, 'cell_22', 2016),
('UAR 339Q', '2016-05-31', '24.0', 24, 32040, 'cell_22', 2016),
('UAR 339Q', '2016-06-01', '24.0', 24, 32040, 'cell_22', 2016),
('UAR 339Q', '2016-06-02', '24.0', 24, 32040, 'cell_22', 2016),
('UAR 339Q', '2016-06-03', '24.0', 24, 32040, 'cell_22', 2016),
('UAR 339Q', '2016-06-04', '24.0', 24, 32040, 'cell_22', 2016),
('UAR 339Q', '2016-06-05', '24.0', 24, 32040, 'cell_22', 2016),
('UAR 339Q', '2016-06-06', '24.0', 24, 32040, 'cell_22', 2016),
('UAX 123', '2016-05-15', '24.0', 24, 96120, 'cell_37', 2016),
('UAX 123', '2016-05-16', '24.0', 24, 96120, 'cell_37', 2016),
('UAX 123', '2016-05-17', '24.0', 24, 96120, 'cell_37', 2016),
('UAX 123', '2016-05-18', '24.0', 24, 96120, 'cell_37', 2016),
('UAX 123', '2016-05-19', '24.0', 24, 96120, 'cell_37', 2016),
('UAX 123', '2016-05-20', '24.0', 24, 96120, 'cell_37', 2016),
('UAX 123', '2016-05-21', '24.0', 24, 96120, 'cell_37', 2016),
('UAX 123', '2016-05-22', '24.0', 24, 96120, 'cell_37', 2016),
('UAX 123', '2016-05-23', '24.0', 24, 96120, 'cell_37', 2016),
('UAX 123', '2016-05-24', '24.0', 24, 96120, 'cell_37', 2016),
('UAX 123', '2016-05-25', '24.0', 24, 96120, 'cell_37', 2016),
('UAX 123', '2016-05-26', '24.0', 24, 96120, 'cell_37', 2016),
('UAX 123', '2016-05-27', '24.0', 24, 96120, 'cell_37', 2016),
('UAX 123', '2016-05-28', '24.0', 24, 96120, 'cell_37', 2016),
('UAX 123', '2016-05-29', '24.0', 24, 96120, 'cell_37', 2016),
('UAX 123', '2016-05-30', '24.0', 24, 96120, 'cell_37', 2016),
('UAX 123', '2016-05-31', '24.0', 24, 96120, 'cell_37', 2016),
('UAX 123', '2016-06-01', '24.0', 24, 96120, 'cell_37', 2016),
('UAX 123', '2016-06-02', '24.0', 24, 96120, 'cell_37', 2016),
('UAX 123', '2016-06-03', '24.0', 24, 96120, 'cell_37', 2016),
('UAX 123', '2016-06-04', '24.0', 24, 96120, 'cell_37', 2016),
('UAX 123', '2016-06-05', '24.0', 24, 96120, 'cell_37', 2016),
('UAX 123', '2016-06-06', '24.0', 24, 96120, 'cell_37', 2016),
('UAX 777', '2016-05-15', '24.0', 24, 38448, 'cell_16', 2016),
('UAX 777', '2016-05-16', '24.0', 24, 38448, 'cell_16', 2016),
('UAX 777', '2016-05-17', '24.0', 24, 38448, 'cell_16', 2016),
('UAX 777', '2016-05-18', '24.0', 24, 38448, 'cell_16', 2016),
('UAX 777', '2016-05-19', '24.0', 24, 38448, 'cell_16', 2016),
('UAX 777', '2016-05-20', '24.0', 24, 38448, 'cell_16', 2016),
('UAX 777', '2016-05-21', '24.0', 24, 38448, 'cell_16', 2016),
('UAX 777', '2016-05-22', '24.0', 24, 38448, 'cell_16', 2016),
('UAX 777', '2016-05-23', '24.0', 24, 38448, 'cell_16', 2016),
('UAX 777', '2016-05-24', '24.0', 24, 38448, 'cell_16', 2016),
('UAX 777', '2016-05-25', '24.0', 24, 38448, 'cell_16', 2016),
('UAX 777', '2016-05-26', '24.0', 24, 38448, 'cell_16', 2016),
('UAX 777', '2016-05-27', '24.0', 24, 38448, 'cell_16', 2016),
('UAX 777', '2016-05-28', '24.0', 24, 38448, 'cell_16', 2016),
('UAX 777', '2016-05-29', '24.0', 24, 38448, 'cell_16', 2016),
('UAX 777', '2016-05-30', '24.0', 24, 38448, 'cell_16', 2016),
('UAX 777', '2016-05-31', '24.0', 24, 38448, 'cell_16', 2016),
('UAX 777', '2016-06-01', '24.0', 24, 38448, 'cell_16', 2016),
('UAX 777', '2016-06-02', '24.0', 24, 38448, 'cell_16', 2016),
('UAX 777', '2016-06-03', '24.0', 24, 38448, 'cell_16', 2016),
('UAX 777', '2016-06-04', '24.0', 24, 38448, 'cell_16', 2016),
('UAX 777', '2016-06-05', '24.0', 24, 38448, 'cell_16', 2016),
('UAX 777', '2016-06-06', '24.0', 24, 38448, 'cell_16', 2016),
('UAY 564L', '2016-05-15', '24.0', 24, 190104, 'cell_2', 2016),
('UAY 564L', '2016-05-16', '24.0', 24, 190104, 'cell_2', 2016),
('UAY 564L', '2016-05-17', '24.0', 24, 190104, 'cell_2', 2016),
('UAY 564L', '2016-05-18', '24.0', 24, 190104, 'cell_2', 2016),
('UAY 564L', '2016-05-19', '24.0', 24, 190104, 'cell_2', 2016),
('UAY 564L', '2016-05-20', '24.0', 24, 190104, 'cell_2', 2016),
('UAY 564L', '2016-05-21', '24.0', 24, 190104, 'cell_2', 2016),
('UAY 564L', '2016-05-22', '24.0', 24, 190104, 'cell_2', 2016),
('UAY 564L', '2016-05-23', '24.0', 24, 190104, 'cell_2', 2016),
('UAY 564L', '2016-05-24', '24.0', 24, 190104, 'cell_2', 2016),
('UAY 564L', '2016-05-25', '24.0', 24, 190104, 'cell_2', 2016),
('UAY 564L', '2016-05-26', '24.0', 24, 190104, 'cell_2', 2016),
('UAY 564L', '2016-05-27', '24.0', 24, 190104, 'cell_2', 2016),
('UAY 564L', '2016-05-28', '24.0', 24, 190104, 'cell_2', 2016),
('UAY 564L', '2016-05-29', '24.0', 24, 190104, 'cell_2', 2016),
('UAY 564L', '2016-05-30', '24.0', 24, 190104, 'cell_2', 2016),
('UAY 564L', '2016-05-31', '24.0', 24, 190104, 'cell_2', 2016),
('UAY 564L', '2016-06-01', '24.0', 24, 190104, 'cell_2', 2016),
('UAY 564L', '2016-06-02', '24.0', 24, 190104, 'cell_2', 2016),
('UAY 564L', '2016-06-03', '24.0', 24, 190104, 'cell_2', 2016),
('UAY 564L', '2016-06-04', '24.0', 24, 190104, 'cell_2', 2016),
('UAY 564L', '2016-06-05', '24.0', 24, 190104, 'cell_2', 2016),
('UAY 564L', '2016-06-06', '24.0', 24, 190104, 'cell_2', 2016),
('UAY 673', '2016-05-15', '24.0', 24, 34176, 'cell_24', 2016),
('UAY 673', '2016-05-16', '24.0', 24, 34176, 'cell_24', 2016),
('UAY 673', '2016-05-17', '24.0', 24, 34176, 'cell_24', 2016),
('UAY 673', '2016-05-18', '24.0', 24, 34176, 'cell_24', 2016),
('UAY 673', '2016-05-19', '24.0', 24, 34176, 'cell_24', 2016),
('UAY 673', '2016-05-20', '24.0', 24, 34176, 'cell_24', 2016),
('UAY 673', '2016-05-21', '24.0', 24, 34176, 'cell_24', 2016),
('UAY 673', '2016-05-22', '24.0', 24, 34176, 'cell_24', 2016),
('UAY 673', '2016-05-23', '24.0', 24, 34176, 'cell_24', 2016),
('UAY 673', '2016-05-24', '24.0', 24, 34176, 'cell_24', 2016),
('UAY 673', '2016-05-25', '24.0', 24, 34176, 'cell_24', 2016),
('UAY 673', '2016-05-26', '24.0', 24, 34176, 'cell_24', 2016),
('UAY 673', '2016-05-27', '24.0', 24, 34176, 'cell_24', 2016),
('UAY 673', '2016-05-28', '24.0', 24, 34176, 'cell_24', 2016),
('UAY 673', '2016-05-29', '24.0', 24, 34176, 'cell_24', 2016),
('UAY 673', '2016-05-30', '24.0', 24, 34176, 'cell_24', 2016),
('UAY 673', '2016-05-31', '24.0', 24, 34176, 'cell_24', 2016),
('UAY 673', '2016-06-01', '24.0', 24, 34176, 'cell_24', 2016),
('UAY 673', '2016-06-02', '24.0', 24, 34176, 'cell_24', 2016),
('UAY 673', '2016-06-03', '24.0', 24, 34176, 'cell_24', 2016),
('UAY 673', '2016-06-04', '24.0', 24, 34176, 'cell_24', 2016),
('UAY 673', '2016-06-05', '24.0', 24, 34176, 'cell_24', 2016),
('UAY 673', '2016-06-06', '24.0', 24, 34176, 'cell_24', 2016),
('UDP 635K', '2016-05-15', '24.0', 24, 42720, 'cell_26', 2016),
('UDP 635K', '2016-05-16', '24.0', 24, 42720, 'cell_26', 2016),
('UDP 635K', '2016-05-17', '24.0', 24, 42720, 'cell_26', 2016),
('UDP 635K', '2016-05-18', '24.0', 24, 42720, 'cell_26', 2016),
('UDP 635K', '2016-05-19', '24.0', 24, 42720, 'cell_26', 2016),
('UDP 635K', '2016-05-20', '24.0', 24, 42720, 'cell_26', 2016),
('UDP 635K', '2016-05-21', '24.0', 24, 42720, 'cell_26', 2016),
('UDP 635K', '2016-05-22', '24.0', 24, 42720, 'cell_26', 2016),
('UDP 635K', '2016-05-23', '24.0', 24, 42720, 'cell_26', 2016),
('UDP 635K', '2016-05-24', '24.0', 24, 42720, 'cell_26', 2016),
('UDP 635K', '2016-05-25', '24.0', 24, 42720, 'cell_26', 2016),
('UDP 635K', '2016-05-26', '24.0', 24, 42720, 'cell_26', 2016),
('UDP 635K', '2016-05-27', '24.0', 24, 42720, 'cell_26', 2016),
('UDP 635K', '2016-05-28', '24.0', 24, 42720, 'cell_26', 2016),
('UDP 635K', '2016-05-29', '24.0', 24, 42720, 'cell_26', 2016),
('UDP 635K', '2016-05-30', '24.0', 24, 42720, 'cell_26', 2016),
('UDP 635K', '2016-05-31', '24.0', 24, 42720, 'cell_26', 2016),
('UDP 635K', '2016-06-01', '24.0', 24, 42720, 'cell_26', 2016),
('UDP 635K', '2016-06-02', '24.0', 24, 42720, 'cell_26', 2016),
('UDP 635K', '2016-06-03', '24.0', 24, 42720, 'cell_26', 2016),
('UDP 635K', '2016-06-04', '24.0', 24, 42720, 'cell_26', 2016),
('UDP 635K', '2016-06-05', '24.0', 24, 42720, 'cell_26', 2016),
('UDP 635K', '2016-06-06', '24.0', 24, 42720, 'cell_26', 2016),
('UG 456D', '2016-05-15', '24.0', 24, 53400, 'cell_14', 2016),
('UG 456D', '2016-05-16', '24.0', 24, 53400, 'cell_14', 2016),
('UG 456D', '2016-05-17', '24.0', 24, 53400, 'cell_14', 2016),
('UG 456D', '2016-05-18', '24.0', 24, 53400, 'cell_14', 2016),
('UG 456D', '2016-05-19', '24.0', 24, 53400, 'cell_14', 2016),
('UG 456D', '2016-05-20', '24.0', 24, 53400, 'cell_14', 2016),
('UG 456D', '2016-05-21', '24.0', 24, 53400, 'cell_14', 2016),
('UG 456D', '2016-05-22', '24.0', 24, 53400, 'cell_14', 2016),
('UG 456D', '2016-05-23', '24.0', 24, 53400, 'cell_14', 2016),
('UG 456D', '2016-05-24', '24.0', 24, 53400, 'cell_14', 2016),
('UG 456D', '2016-05-25', '24.0', 24, 53400, 'cell_14', 2016),
('UG 456D', '2016-05-26', '24.0', 24, 53400, 'cell_14', 2016),
('UG 456D', '2016-05-27', '24.0', 24, 53400, 'cell_14', 2016),
('UG 456D', '2016-05-28', '24.0', 24, 53400, 'cell_14', 2016),
('UG 456D', '2016-05-29', '24.0', 24, 53400, 'cell_14', 2016),
('UG 456D', '2016-05-30', '24.0', 24, 53400, 'cell_14', 2016),
('UG 456D', '2016-05-31', '24.0', 24, 53400, 'cell_14', 2016),
('UG 456D', '2016-06-01', '24.0', 24, 53400, 'cell_14', 2016),
('UG 456D', '2016-06-02', '24.0', 24, 53400, 'cell_14', 2016),
('UG 456D', '2016-06-03', '24.0', 24, 53400, 'cell_14', 2016),
('UG 456D', '2016-06-04', '24.0', 24, 53400, 'cell_14', 2016),
('UG 456D', '2016-06-05', '24.0', 24, 53400, 'cell_14', 2016),
('UG 456D', '2016-06-06', '24.0', 24, 53400, 'cell_14', 2016),
('UG 789P', '2016-05-15', '24.0', 24, 49128, 'cell_18', 2016),
('UG 789P', '2016-05-16', '24.0', 24, 49128, 'cell_18', 2016),
('UG 789P', '2016-05-17', '24.0', 24, 49128, 'cell_18', 2016),
('UG 789P', '2016-05-18', '24.0', 24, 49128, 'cell_18', 2016),
('UG 789P', '2016-05-19', '24.0', 24, 49128, 'cell_18', 2016),
('UG 789P', '2016-05-20', '24.0', 24, 49128, 'cell_18', 2016),
('UG 789P', '2016-05-21', '24.0', 24, 49128, 'cell_18', 2016),
('UG 789P', '2016-05-22', '24.0', 24, 49128, 'cell_18', 2016),
('UG 789P', '2016-05-23', '24.0', 24, 49128, 'cell_18', 2016),
('UG 789P', '2016-05-24', '24.0', 24, 49128, 'cell_18', 2016),
('UG 789P', '2016-05-25', '24.0', 24, 49128, 'cell_18', 2016),
('UG 789P', '2016-05-26', '24.0', 24, 49128, 'cell_18', 2016),
('UG 789P', '2016-05-27', '24.0', 24, 49128, 'cell_18', 2016),
('UG 789P', '2016-05-28', '24.0', 24, 49128, 'cell_18', 2016),
('UG 789P', '2016-05-29', '24.0', 24, 49128, 'cell_18', 2016),
('UG 789P', '2016-05-30', '24.0', 24, 49128, 'cell_18', 2016),
('UG 789P', '2016-05-31', '24.0', 24, 49128, 'cell_18', 2016),
('UG 789P', '2016-06-01', '24.0', 24, 49128, 'cell_18', 2016),
('UG 789P', '2016-06-02', '24.0', 24, 49128, 'cell_18', 2016),
('UG 789P', '2016-06-03', '24.0', 24, 49128, 'cell_18', 2016),
('UG 789P', '2016-06-04', '24.0', 24, 49128, 'cell_18', 2016),
('UG 789P', '2016-06-05', '24.0', 24, 49128, 'cell_18', 2016),
('UG 789P', '2016-06-06', '24.0', 24, 49128, 'cell_18', 2016);

-- --------------------------------------------------------

--
-- Table structure for table `parking_space`
--

CREATE TABLE `parking_space` (
  `Space_ID` varchar(10) NOT NULL,
  `Space_Status` smallint(6) NOT NULL DEFAULT '0',
  `Car_in_Space` varchar(15) DEFAULT NULL,
  `Yard_Name` varchar(50) NOT NULL
) ENGINE=MyISAM DEFAULT CHARSET=latin1;

--
-- Dumping data for table `parking_space`
--

INSERT INTO `parking_space` (`Space_ID`, `Space_Status`, `Car_in_Space`, `Yard_Name`) VALUES
('cell_1', 0, ' ', 'Main Grounds'),
('cell_2', 1, 'UAY 564L', 'Main Grounds'),
('cell_0', 0, NULL, 'Main Grounds'),
('cell_3', 0, '', 'Main Grounds'),
('cell_4', 0, '', 'Main Grounds'),
('cell_5', 0, '', 'Main Grounds'),
('cell_6', 1, 'KE 562T', 'Main Grounds'),
('cell_7', 0, ' ', 'Main Grounds'),
('cell_8', 0, ' ', 'Main Grounds'),
('cell_9', 0, ' ', 'Main Grounds'),
('cell_10', 1, 'UAG 786D', 'Main Grounds'),
('cell_11', 0, ' ', 'Main Grounds'),
('cell_12', 0, '', 'Main Grounds'),
('cell_13', 0, '', 'Main Grounds'),
('cell_14', 1, 'UG 456D', 'Main Grounds'),
('cell_15', 0, '', 'Main Grounds'),
('cell_16', 1, 'UAX 777', 'Space 2'),
('cell_17', 0, '', 'Space 2'),
('cell_18', 1, 'UG 789P', 'Space 2'),
('cell_19', 0, '', 'Space 2'),
('cell_20', 0, '', 'Space 2'),
('cell_21', 1, 'UAD 789D', 'Space 2'),
('cell_22', 1, 'UAR 339Q', 'Space 2'),
('cell_23', 0, '', 'Space 2'),
('cell_24', 1, 'UAY 673', 'Space 2'),
('cell_25', 0, '', 'Space 2'),
('cell_26', 1, 'UDP 635K', 'Space 2'),
('cell_27', 0, '', 'Space 2'),
('cell_28', 0, '', 'Space 2'),
('cell_29', 0, '', 'Space 2'),
('cell_30', 0, '', 'Reserved Yard'),
('cell_31', 0, '', 'Reserved Yard'),
('cell_32', 0, '', 'Reserved Yard'),
('cell_33', 0, '', 'Reserved Yard'),
('cell_34', 0, '', 'Reserved Yard'),
('cell_35', 0, '', 'Reserved Yard'),
('cell_36', 0, '', 'Reserved Yard'),
('cell_37', 1, 'UAX 123', 'Reserved Yard'),
('cell_38', 0, '', 'Reserved Yard'),
('cell_39', 0, '', 'Reserved Yard'),
('cell_40', 0, '', 'Humility'),
('cell_41', 0, '', 'Humility'),
('cell_42', 0, '', 'Humility'),
('cell_43', 0, '', 'Humility'),
('cell_44', 0, '', 'Humility'),
('cell_45', 0, '', 'Humility'),
('cell_46', 0, '', 'Humility'),
('cell_47', 0, '', 'Humility'),
('cell_48', 0, '', 'Humility'),
('cell_49', 0, '', 'Humility'),
('cell_50', 0, '', 'Humility'),
('cell_51', 0, '', 'Humility'),
('cell_52', 0, '', 'Humility'),
('cell_53', 0, '', 'Humility'),
('cell_54', 0, '', 'Humility'),
('cell_55', 0, '', 'Humility'),
('cell_56', 0, '', 'Main Grounds'),
('cell_57', 0, '', 'Main Grounds');

-- --------------------------------------------------------

--
-- Table structure for table `parking_yard`
--

CREATE TABLE `parking_yard` (
  `Name` varchar(50) NOT NULL,
  `Location` varchar(200) NOT NULL,
  `Number_Of_Cells` int(11) DEFAULT NULL
) ENGINE=InnoDB DEFAULT CHARSET=latin1;

--
-- Dumping data for table `parking_yard`
--

INSERT INTO `parking_yard` (`Name`, `Location`, `Number_Of_Cells`) VALUES
('Humility', 'Main Grounds', 16),
('Main Grounds', 'null', 18),
('Reserved Yard', 'Pentagon Square', 10),
('Space 2', 'null', 14);

--
-- Indexes for dumped tables
--

--
-- Indexes for table `car_details`
--
ALTER TABLE `car_details`
  ADD PRIMARY KEY (`Registration_Number`);

--
-- Indexes for table `car_logs`
--
ALTER TABLE `car_logs`
  ADD PRIMARY KEY (`Registration_Number`,`Arrival_Date`,`Arrival_Time`);

--
-- Indexes for table `daily_logs`
--
ALTER TABLE `daily_logs`
  ADD PRIMARY KEY (`Registration_Number`,`Log_Day`,`Total_Hours_Spent_Today`,`Space_Occupied`);

--
-- Indexes for table `parking_space`
--
ALTER TABLE `parking_space`
  ADD PRIMARY KEY (`Space_ID`);

--
-- Indexes for table `parking_yard`
--
ALTER TABLE `parking_yard`
  ADD PRIMARY KEY (`Name`);

/*!40101 SET CHARACTER_SET_CLIENT=@OLD_CHARACTER_SET_CLIENT */;
/*!40101 SET CHARACTER_SET_RESULTS=@OLD_CHARACTER_SET_RESULTS */;
/*!40101 SET COLLATION_CONNECTION=@OLD_COLLATION_CONNECTION */;
